Workbook

Sheet История VOR размеров
A1: Дата | B1: Код размера | C1: Код дефекта | D1: Наименование дефекта | E1: Контрмеры на этапе УП | F1: Оценка контрмер (OK/NG) | G1: Контрмеры на этапе СП | H1: Оценка контрмер (OK/NG)
A3: 45872 | B3: SP05 | C3: 321 | D3: =VLOOKUP(C3,'0080'!A$1:B$280,2,0) -> вулканизированная резина на плече | E3: -
A4: 45875 | B4: FS16 | C4: 521 | D4: =VLOOKUP(C4,'0080'!A$1:B$280,2,0) -> расслоение на плече | E4: на УП дефекта не было | F4: 16GH359XB -> 16AH366NA
A5: 45882 | B5: WS03 | C5: 210 | D5: =VLOOKUP(C5,'0080'!A$1:B$280,2,0) -> недопрессовка на стыке боковины | E5: 203 - акутальный контур в УП - ок. При повторном возникновении, необходима корректировка контура в зоне дефекта;
A6: 45883 | B6: AV08 | C6: 504 | D6: =VLOOKUP(C6,'0080'!A$1:B$280,2,0) -> поверхностный пузырь на основании борта | E6: 504 дефект , возник из-за повышенного давления на bead lock. Прошу провести дополнительное УП для корректировки пар-ров сборочной машины. | F6: изменения толко по тонкому чафферу , добавление каркаса
A7: 45893 | B7: SP05 | C7: 207 | D7: =VLOOKUP(C7,'0080'!A$1:B$280,2,0) -> недопрессовка по носку борта | E7: на УП дефекта не было | F7: PL-1T520QD1 → PL-1B520DD1
A8: 45894 | B8: SP05 | C8: 321 | D8: =VLOOKUP(C8,'0080'!A$1:B$280,2,0) -> вулканизированная резина на плече | E8: -
A9: 45897 | B9: SP09 | C9: 207 | D9: =VLOOKUP(C9,'0080'!A$1:B$280,2,0) -> недопрессовка по носку борта | E9: 783 дефект , шина входит в ПФ. 773/752 дефеккт - вулканизация изменила GT set. Дефект после выхода не повторялся. | F9: PL-1B735NQ3 → PL-1B735NQ4/Предотвращение 207 дефекта / 19AP420NA -> 19FH387XA
A10: 45903 | B10: WF03 | C10: 204 | D10: =VLOOKUP(C10,'0080'!A$1:B$280,2,0) -> недопрессовка по борту | E10: на УП дефекта не было | F10: Вакуум с 0 сек на 60 сек (против 204 дефекта)
A11: 45904 | B11: FS16 | C11: 207 | D11: =VLOOKUP(C11,'0080'!A$1:B$280,2,0) -> недопрессовка по носку борта | E11: на УП дефекта не было | F11: Использование чафера CC-T050L/RK-B7B6-6D4B → RK-B7B6-6E4B/PL-1B645NQ2→PL-1B645DQ4
A12: 45904 | B12: SP05 | C12: 773 | D12: =VLOOKUP(C12,'0080'!A$1:B$280,2,0) -> гребень по носку борта (облой) | E12: 406, 707 - проблема в нанесении допинга. Была свкулканизирована шина с сеткой и краской в бортовой зоне, для оценки течения резины. При осмотре образцов с данной шины никаких аномалий выявлено не было
A13: 45904 | B13: SP05 | C13: 752 | D13: =VLOOKUP(C13,'0080'!A$1:B$280,2,0) -> выход корда на основании борта | E13: -
A14: 45905 | B14: FS35 | C14: 553 | D14: =VLOOKUP(C14,'0080'!A$1:B$280,2,0) -> воздух в каркасе в области борта | E14: 522 (Расслоение на боковине) - изменили контур боковин, добавили верхнюю сквиджу на каркас, изменили параметры формовки вулканизации 20-80-80 -> 20-100-100. После всех изменений кол-во выхода дефекта значительно снизилось. | F14: Изменение параметров/использование тестового каркаса
A15: 45906 | B15: SP57 | C15: 773 | D15: =VLOOKUP(C15,'0080'!A$1:B$280,2,0) -> гребень по носку борта (облой) | E15: на УП дефекта не было/.На СП ремонтный дефект замечен на 6 шинах, после проверки центровки и настройки давления лопастей загрузчика на вулканизации, дефект исчез | F15: SS-041BB → SS-041BD | G15: Передан реквест на бортовые кольца, увеличение WWD =17.3→17.32
A16: 45908 | B16: FS04 | C16: 522 | D16: =VLOOKUP(C16,'0080'!A$1:B$280,2,0) -> расслоение на боковине | E16: 522 расслоение на боковине - внесли контрмеры как на размере FS35: обновленный контур боковин (убрали провал по центру), добавили верхнюю сквиджу. Мониторинг в расширенном УП. | F16: изм.конт.боковин ST-001AB → ST-001AD
A17: 45909 | B17: SP05 | C17: 215 | D17: =VLOOKUP(C17,'0080'!A$1:B$280,2,0) -> недопрессовка на короне - PXR | E17: на УП дефекта не было
A18: 45910 | B18: EC27 | C18: 207 | D18: =VLOOKUP(C18,'0080'!A$1:B$280,2,0) -> недопрессовка по носку борта | E18: 207 дефект - находится на стыке каркаса. Дефект ремонтный , фото дефекта отсутствует. При старте производства оценить влияние положения боковин на дефект. При необходимости доработать контур боковин. | F18: использование д/ф от Tianjin RB17-3
A19: 45911 | B19: AV27 | C19: 207 | D19: =VLOOKUP(C19,'0080'!A$1:B$280,2,0) -> недопрессовка по носку борта | E19: на УП дефекта не было
A20: 45911 | B20: EC05 | C20: 773 | D20: =VLOOKUP(C20,'0080'!A$1:B$280,2,0) -> гребень по носку борта (облой) | E20: на УП дефекта не было | F20: Против 773/752 + сработка стоков каркаса (оригинальный) кольца WWD +0.02 (КАРКАС ОРИГИНАЛЬНЫЙ)
A21: 45911 | B21: IC04 | C21: 781 | D21: =VLOOKUP(C21,'0080'!A$1:B$280,2,0) -> смещение края "протектор/боковина" | E21: -
A22: 45912 | B22: AV26 | C22: 207 | D22: =VLOOKUP(C22,'0080'!A$1:B$280,2,0) -> недопрессовка по носку борта | E22: 207 дефект (недопрессовка по носку борта): Изменения со стороны TS не вносились, тк дефект в большинстве своем ремонтный. Как корректирущие действия можно рассмотреть измение сета боковин на -2мм внутрь (параметр SW2 -2мм, до 0 можно приспустить), что должно дать положительный эффект.
A23: 45919 | B23: FS14 | C23: 810 | D23: =VLOOKUP(C23,'0080'!A$1:B$280,2,0) -> загрязнение пресс-формы (борт) | E23: -
A24: 45921 | B24: FS05 | C24: 504 | D24: =VLOOKUP(C24,'0080'!A$1:B$280,2,0) -> поверхностный пузырь на основании борта | E24: на УП дефекта не было | F24: ST-004AA→ST004AB
A25: 45922 | B25: SP45 | C25: 318 | D25: =VLOOKUP(C25,'0080'!A$1:B$280,2,0) -> другие (снаружи) | E25: -
A26: 45930 | B26: SP45 | C26: 782 | D26: =VLOOKUP(C26,'0080'!A$1:B$280,2,0) -> облой на протекторе | E26: 783-шина входит в ПФ с запасом. | F26: Актуализация параметров
A27: 45932 | B27: AV39 | C27: 207 | D27: =VLOOKUP(C27,'0080'!A$1:B$280,2,0) -> недопрессовка по носку борта | E27: на УП дефекта не было | F27: переход на тонкий чафер 1.0мм
A28: 45932 | B28: EC05 | C28: 207 | D28: =VLOOKUP(C28,'0080'!A$1:B$280,2,0) -> недопрессовка по носку борта | E28: на УП дефекта не было | F28: Сработка неиспользуемого стока
A29: 45933 | B29: EC06 | C29: 581 | D29: =VLOOKUP(C29,'0080'!A$1:B$280,2,0) -> пузырь в гермослое | E29: на УП дефекта не было | F29: 15GH356XA → 15EXR345/4
A30: 45933 | B30: EC25 | C30: 773 | D30: =VLOOKUP(C30,'0080'!A$1:B$280,2,0) -> гребень по носку борта (облой) | E30: 773: производили настройку загрузчика сырой шины(уменьшение давления, настройка лопастей), после настройки дефект не проявлялся. | F30: 15GH378XB → 15GH373XB
A31: 45933 | B31: WF03 | C31: 581 | D31: =VLOOKUP(C31,'0080'!A$1:B$280,2,0) -> пузырь в гермослое | E31: 581 дефект , возник на стыке гермослоя, из-за отсутствия вакуума на каркасном барабане.Производили настройку наложения гермослоя. | F31: изм. гермослой IL-AZ325-13 на IL-AZ325-15
A32: 45935 | B32: EC36 | C32: 207 | D32: =VLOOKUP(C32,'0080'!A$1:B$280,2,0) -> недопрессовка по носку борта | E32: на УП дефекта не было | F32: PL-1B680ND1→PL-1B680DD1
A33: 45936 | B33: EC36 | C33: 581 | D33: =VLOOKUP(C33,'0080'!A$1:B$280,2,0) -> #N/A | E33: на УП дефекта не было | F33: PL-1B680DD1 → PL-1B680DD2 | G33: Новый каркас PL-1B680DD1→DD2 Смещение + уменьшение SQ. | H33: OK
A34: 45946 | B34: AW28 | C34: 207 | D34: =VLOOKUP(C34,'0080'!A$1:B$280,2,0) -> недопрессовка по носку борта | E34: на УП дефекта не было | F34: 18EXR375-> 18GH378XA
A35: 45947 | B35: AV38 | C35: 521 | D35: =VLOOKUP(C35,'0080'!A$1:B$280,2,0) -> расслоение на плече | E35: 521- дефект проявился на шве протектора , из-за отсутствия нахлеста минибоковин получили полость воздуха на готовой шине. Для конструкции SOT очень важно не допускать пустот в зоне стыка протектора. | F35: сработка остатка ТТ с изменением параметров
A36: 45947 | B36: WF03 | C36: 719 | D36: =VLOOKUP(C36,'0080'!A$1:B$280,2,0) -> несоответствующий ремонт (Сборка) | E36: -
A37: 45948 | B37: SP49 | C37: 581 | D37: =VLOOKUP(C37,'0080'!A$1:B$280,2,0) -> пузырь в гермослое | E37: на УП дефекта не было | F37: изменение ТОР и SW
A38: 45949 | B38: AV19 | C38: 782 | D38: =VLOOKUP(C38,'0080'!A$1:B$280,2,0) -> облой на протекторе | E38: на УП дефекта не было/контур сырой шины vs STLO mold - OK | F38: изменения толко по тонкому чафферу , добавление каркаса
A39: 45949 | B39: AV37 | C39: 207 | D39: =VLOOKUP(C39,'0080'!A$1:B$280,2,0) -> недопрессовка по носку борта | E39: на УП дефекта не было | F39: Тестирование диафрагмы RUNTONG
A40: 45949 | B40: WF03 | C40: 783 | D40: =VLOOKUP(C40,'0080'!A$1:B$280,2,0) -> облой на боковине | E40: 783 (облой на боковине) - шина с запасом лезет в пресс-форму, дефект присутствует из-за несоответствия пресс-формы. | F40: изм.конт.боковин ST-066AB → ST-066AC
A41: 45953 | B41: AV48 | C41: 207 | D41: =VLOOKUP(C41,'0080'!A$1:B$280,2,0) -> недопрессовка по носку борта | E41: Для предотвращения возникновения 207 дефекта использовалась боковина ST-126BD. Результат - ОК | F41: 18FH406XAI → 18FH369XB /Актуализация сборочных параметров/ST-126BC→ ST-126BD | G41: КАРКАС 0.6 SQ QN3 Проработка новой матрицы (если BC sw не сработана)
A42: 45953 | B42: EC55 | C42: 210 | D42: =VLOOKUP(C42,'0080'!A$1:B$280,2,0) -> недопрессовка на стыке боковины | E42: на УП дефекта не было
A43: 45953 | B43: EC55 | C43: 773 | D43: =VLOOKUP(C43,'0080'!A$1:B$280,2,0) -> #N/A | E43: на УП дефекта не было | F43: тест каркаса pl-1b655dd3→dd1 | G43: 50 шин 1056 -10 (NG) 50 шин 1056 -10 (NG) 50 шин 1056/1058 - 10 (NG) Заказали новый каркас PL-1B655DD1 1 ПОЛНУЮ КАТУШКУ. SQ 0.6→0.4 | H43: результат ок. 0.6→0.4 толщина сквиджи
A44: 45954 | B44: AV49 | C44: 521 | D44: =VLOOKUP(C44,'0080'!A$1:B$280,2,0) -> #N/A | E44: Новые контура SW/TT | G44: Доработка контуров боковин или протектора.спецификация контура ТОР (АА) - SW (AA) Собрали 50 шин TOP-148AA→SW 148AC Собрали 50 шин TOP -148AB→SW 148AC - выпуск спеки. +новый лот будет доработанный каркас (убрали сквиджу из под филлера | H44: OK
A45: 45954 | B45: EC37 | C45: 773 | D45: =VLOOKUP(C45,'0080'!A$1:B$280,2,0) -> гребень по носку борта (облой) | E45: на УП дефекта не было
A46: 45955 | B46: FS35 | C46: 885 | D46: =VLOOKUP(C46,'0080'!A$1:B$280,2,0) -> отклонение текстил. бортовой ленты (сборка) | E46: -
A47: 45955 | B47: WF03 | C47: 792 | D47: =VLOOKUP(C47,'0080'!A$1:B$280,2,0) -> облой по линии обода | E47: 783 дефект , на вулканизации используются старые сектора и новые боковые плиты.
A48: 45956 | B48: AV68 | C48: 522 | D48: =VLOOKUP(C48,'0080'!A$1:B$280,2,0) -> расслоение на боковине | E48: 522 расслоение на боковине/521 расслоение на плече- выявлена причина дефектов в недостаточном по длине резе протектора при сборке шин, в месте стыка протектора были замечены не состыкованные уголки из-за недостаточного объёма. 522 расслоение на боковине/521 расслоение на плече- против массового дефекта шин была выпущена контрмера 25-423(во вложении) С 13.11.2025 началась сборка с новой боковиной по контрмере (во вложении), 16.11.2025 - обнаружено 2 шины с дефектом (во вложении). Дополнительно произвести проверку прикатки в зоне дефекта. | F48: Предотвращение 521-TT0130AB → TT0130AC Против 521 SS-130BB→SS-130BC
A49: 45957 | B49: AV09 | C49: 207 | D49: =VLOOKUP(C49,'0080'!A$1:B$280,2,0) -> недопрессовка по носку борта | E49: 207дефект связан с внедрением тонкого чаффера, на установочной партии из 100 шин не было 207 дефекта. | F49: изменения толко по тонкому чафферу , добавление каркаса
A50: 45957 | B50: EC47 | C50: 200 | D50: =VLOOKUP(C50,'0080'!A$1:B$280,2,0) -> недопрессовка на короне - PSR | E50: на УП дефекта не было
A51: 45957 | B51: SP20 | C51: 207 | D51: =VLOOKUP(C51,'0080'!A$1:B$280,2,0) -> недопрессовка по носку борта | E51: на УП дефекта не было | F51: PL-1D525DQ2T→PL520DQ3T/ CC-B050L → CC-T050L
A52: 45958 | B52: EC47 | C52: 773 | D52: =VLOOKUP(C52,'0080'!A$1:B$280,2,0) -> #N/A | E52: на УП дефекта не было | G52: Проверить посадку шины на борт.образующее кольцо | H52: Лота нет. Ожидать перезапуск
A53: 45960 | B53: AV28 | C53: 207 | D53: =VLOOKUP(C53,'0080'!A$1:B$280,2,0) -> недопрессовка по носку борта | E53: на УП дефекта не было
A54: 45962 | B54: EC26 | C54: 203 | D54: =VLOOKUP(C54,'0080'!A$1:B$280,2,0) -> недопрессовка на боковине | E54: 203 недопрессовка на боковине - ремонтный дефект замечен на одной шине, в области дефекта замечена просадка контура боковин. В качестве контрмеры предлагаем привести к номиналу контур боковин, если данное решение не поможет использовать новый контур боковин с увеличенной толщиной в зоне дефекта. (все необходимые контура приложены к отчету).
A55: 45964 | B55: SP25 | C55: 783 | D55: =VLOOKUP(C55,'0080'!A$1:B$280,2,0) -> облой на боковине | E55: Облой и вулканизированная резина на плече: зазор между пресс-формой и сырой шиной 1.5-2мм. | F55: изменения : R1058 SHAPING Drum Width Full Shap Position (mm) 295→315 R1085 SHAPING Bladder Low Pressure Timer (Insert) (sec.) 14→10 R1088 SHAPING Drum Width Move Wait Timer From Max to Inside (mm) 0.7→1.0 R1089 Segment Extend Timer (sec.) 1.0→0.8 R1091 SHAPING Bladder Low Pressure Timer (Middle) (sec.) 2.5 → 2.0
A56: 45968 | B56: SP25 | C56: 782 | D56: =VLOOKUP(C56,'0080'!A$1:B$280,2,0) -> облой на протекторе | E56: Облой и вулканизированная резина на плече: зазор между пресс-формой и сырой шиной 1.5-2мм.
A57: 45972 | B57: AV78 | C57: 773 | D57: =VLOOKUP(C57,'0080'!A$1:B$280,2,0) -> гребень по носку борта (облой) | E57: 773 - Гребень по носку борта, шины не садятся на вулканизационное бортообразующее кольцо. Пинч равномерный, небольшой. Для проверки использовали каркас без SQ под бортом - результат стал лучше, но дефект полностью не убрал. Сдвинули боковины на 2мм на сторону (наружу) - результат ОК. Отдали в работу новый контур боковин ST-132BC, с уменьшенным обьемом AGS. После окончания дай-тестов возьмем в работу. | G57: Убрать SQ из под бортового кольца. Собрать 100 шин → PL-2B505DN1 + ST-132BB Собрать 50 шин → PL-2B505DN1 + ST-132BС Собрать 50 шин → PL-2B505DN1 + ST-132BB | H57: Был собран лот 50 шин. Результат NG.
A58: 45972 | B58: SC18 | C58: 782 | D58: =VLOOKUP(C58,'0080'!A$1:B$280,2,0) -> облой на протекторе | E58: -
A59: 45974 | B59: EC25 | C59: 707 | D59: =VLOOKUP(C59,'0080'!A$1:B$280,2,0) -> содранный гермослой | E59: -
A60: 45974 | B60: EC29 | C60: 950 | D60: =VLOOKUP(C60,'0080'!A$1:B$280,2,0) -> несоответствие веса шины (превышение веса) | E60: -
A61: 45974 | B61: SC18 | C61: 707 | D61: =VLOOKUP(C61,'0080'!A$1:B$280,2,0) -> содранный гермослой | E61: -
A62: 45978 | B62: AV57 | C62: 207 | D62: =VLOOKUP(C62,'0080'!A$1:B$280,2,0) -> недопрессовка по носку борта | E62: 207 дефект - Предлагается сделать толщину SQ на 2 каркасе 0.6мм.+использовать боковину с увеличенной AGS.(ST-123BB)
A63: 45980 | B63: IC06 | C63: 207 | D63: =VLOOKUP(C63,'0080'!A$1:B$280,2,0) -> недопрессовка по носку борта | E63: на УП дефекта не было | F63: CC-B050L → CC-T050L
A64: 45981 | B64: SP87 | C64: 782 | D64: =VLOOKUP(C64,'0080'!A$1:B$280,2,0) -> облой на протекторе | E64: на УП дефекта не было
A65: 45983 | B65: AV30 | C65: 207 | D65: =VLOOKUP(C65,'0080'!A$1:B$280,2,0) -> недопрессовка по носку борта | E65: Причина -Использование тонкого чаффера в СП | F65: Тестирование CCh CC-T050L изм. Установку SW в 0. Изм SQ каркаса в зоне дефекта
A66: 45983 | B66: EC77 | C66: 203 | D66: =VLOOKUP(C66,'0080'!A$1:B$280,2,0) -> недопрессовка на боковине | E66: 204 недопрессовка на боковине- изменили давление формовки с 40-80-80 ->20-50-60(не помогло). Увеличили задержку закрытия 5->15(не помогло) 22.11.2025 произвели чистку забитых вент отверстий на вулканизации. (количество дефектных шин стало меньше) , изменили давление формовки 20-50-60->20-50-50(не помогло) (во вложении комментарии операторов CUR). За расчет взял 203 дефект с 22.11.2025 после чистки вент отверстий. В качестве контрмеры предлагаем использовать боковину ST-108AB с изменёнными толщинами в зоне дефекта. | G66: Использование контура боковиы ST-108AB | H66: Дефект проявляется. Необходимо дополнительно прпинять корректирующие меры.
A67: 45983 | B67: EC77 | D67: Складка Протектора в зоне плеча | E67: на УП дефекта не было | G67: ширина 2-го прикатки по ширине 1-го брекера (220) ширина 3 прикатчика +5 от ширины протектора (273) давление 1-го ролика 0.2→0.15 давление 2-го ролика 0.4→0.3 | H67: OK
A68: 45984 | B68: EC19 | C68: 207 | D68: =VLOOKUP(C68,'0080'!A$1:B$280,2,0) -> недопрессовка по носку борта | E68: 207 - недопрессовка по носку борта. Дефект появился после начала использования тонкого чаффера CC-T050L. См. график смены материалов и выявленных 207 дефектов. 24.11 согласно VRAST был изменен сет боковин 464 -> 460, после этого с тонким чаффером дефект массово не повторялся. Отдали в работу боковину SS-097AC, где добавили обьем в зону AGS - для использования вместе с тонкимч чаффером. | F68: ПРОТИВ 207 / использование CC-T050L/новый каркас против смещения
A69: 45987 | B69: AV30 | C69: 522 | D69: =VLOOKUP(C69,'0080'!A$1:B$280,2,0) -> расслоение на боковине | E69: 522 расслоение на боковине- причиной дефекта стало неправильная установка боковин во время борьбы с 207 дефектом. -4мм от установки кольца. В качестве контрмеры предлагаем использовать каркас PL-2C470DN6 с увеличенной шириной SQ в зоне дефекта для лучшей адгезии SW и добавления объёма. | F69: добавили SQ в зону дефекта | G69: Внедрили каркас PL-2C470DN6 (удлиненная SQ, под конец заворота каркаса) | H69: Результат ОК 49-49-0
A70: 45987 | B70: EC09 | C70: 203 | D70: =VLOOKUP(C70,'0080'!A$1:B$280,2,0) -> недопрессовка на боковине | E70: 203 дефект - проявился из-за забитых вент отверстий. Контрмера переход на формовку 40-80-80 ->20-40-50 (результат ОК) | F70: новый каркас против смещения
A71: 45988 | B71: EC67 | C71: 203 | D71: =VLOOKUP(C71,'0080'!A$1:B$280,2,0) -> недопрессовка на боковине | E71: 203 дефект - Доработать боковину (выдать в работу новый контур). | F71: PL-2B500DN2T→PL-2B500DN4T | G71: Проверить на наличие рыхлого борта. | H71: Лота нет. Ожидать перезапуск
A72: 45989 | B72: EC67 | C72: 552 | D72: =VLOOKUP(C72,'0080'!A$1:B$280,2,0) -> #N/A | E72: на УП дефекта не было | F72: PL-2B500DN2T→PL-2B500DN4T
A73: 45994 | B73: DV09 | C73: 949 | D73: =VLOOKUP(C73,'0080'!A$1:B$280,2,0) -> несоответствие веса шины (недовес) | E73: -
A74: 45994 | B74: FS16 | C74: 304 | D74: =VLOOKUP(C74,'0080'!A$1:B$280,2,0) -> загрязнение допингом (изнутри) | E74: -
A75: 45995 | B75: EC04 | C75: 304 | D75: =VLOOKUP(C75,'0080'!A$1:B$280,2,0) -> загрязнение допингом (изнутри) | E75: - | F75: 14GH332XBI → 14GH349XA
A76: 45995 | B76: EC24 | C76: 304 | D76: =VLOOKUP(C76,'0080'!A$1:B$280,2,0) -> загрязнение допингом (изнутри) | E76: -
A77: 45996 | B77: SP97 | C77: 949 | D77: =VLOOKUP(C77,'0080'!A$1:B$280,2,0) -> несоответствие веса шины (недовес) | E77: -
A78: 46000 | B78: AV18 | C78: 600 | D78: =VLOOKUP(C78,'0080'!A$1:B$280,2,0) -> загрязнение штрих-кода, стирание обозначения, царапины | E78: - | F78: изменения толко по тонкому чафферу , добавление каркаса
A79: 46003 | B79: AV98 | C79: 406 | D79: =VLOOKUP(C79,'0080'!A$1:B$280,2,0) -> #N/A | E79: на УП дефекта не было | G79: Были проблемы с наложением предсборки (смещало конец 3-5мм) решено 12.12 дневная смена. | H79: OK
A80: 46004 | B80: AV67 | C80: 521 | D80: =VLOOKUP(C80,'0080'!A$1:B$280,2,0) -> #N/A | E80: на УП дефекта не было | F80: TT0127AA → TT0127AB добавление обьема в зону дефекта | G80: TT0127AA→TT0127AB 1. Переход на новый контур боковин - NG 2. Чистка и регулировка ножа ТОР. Изменение частоты реза ножа с 70 до 63. 17.12 2см | H80: Было собрано 556 шин. Дефекта не было. Рекомендации к сборке лучше обжимать стык протектора.
A81: 46006 | B81: EC56 | C81: 600 | D81: =VLOOKUP(C81,'0080'!A$1:B$280,2,0) -> загрязнение штрих-кода, стирание обозначения, царапины | E81: -
A82: 46010 | B82: FS14 | C82: 792 | D82: =VLOOKUP(C82,'0080'!A$1:B$280,2,0) -> облой по линии обода | E82: Недопрессовка на борту связана с высоким положением боковин на сырой шине. Положение AGS на сырой шине 5мм (спека 3±2). Необходимо уменьшить внутреннюю установку боковин. | F82: Переход на диафрагмы 14-250HJ \ 14-410HZ
A83: 46011 | B83: FS16 | C83: 600 | D83: =VLOOKUP(C83,'0080'!A$1:B$280,2,0) -> загрязнение штрих-кода, стирание обозначения, царапины | E83: -
A84: 46034 | B84: EC06 | C84: 207 | D84: =VLOOKUP(C84,'0080'!A$1:B$280,2,0) -> недопрессовка по носку борта | E84: на УП дефекта не было | G84: новый каркас 645DD5 (верхняя SQ 0.4→0.6mm) нижняя SQ -10мм от борта. (проверить улучшение на 581) каркас DD1 полностью сработан. | H84: Шины собраны , ожидание результата Результат ок. Начало использования каркаса DD5 18.01 12:50
A85: 46037 | B85: AV29 | C85: 207 | D85: =VLOOKUP(C85,'0080'!A$1:B$280,2,0) -> недопрессовка по носку борта | E85: 207 дефект - внедрить новый каркас со SQ в зоне борта.+ SW SET 3 -> 0. | F85: взяли в работу новый второй каркас с добавлением SQ в зону дефекта
A86: 46038 | B86: AV29 | C86: 521 | D86: =VLOOKUP(C86,'0080'!A$1:B$280,2,0) -> расслоение на плече | E86: На УП#1 дефект расположен в зоне стыка ТТ.контроль стыка | G86: проверить частоту реза ножа (установить 63) в 10:45 рез 67 Дефект выходит только по стыку протектора. Рекомендации лучшее прижатие стыка протектора. | H86: рез (изменение частоты реза) без результатно. Лучше обжимать края
A87: 46038 | B87: EC05 | C87: 203 | D87: =VLOOKUP(C87,'0080'!A$1:B$280,2,0) -> недопрессовка на боковине | E87: на УП дефекта не было | F87: 15GH356XA → 15EXR345/4
A88: 46039 | B88: AV10 | C88: 207 | D88: =VLOOKUP(C88,'0080'!A$1:B$280,2,0) -> недопрессовка по носку борта | E88: на УП дефекта не было | F88: изменения толко по тонкому чафферу , добавление каркаса
A89: 46040 | B89: FS15 | C89: 207 | D89: =VLOOKUP(C89,'0080'!A$1:B$280,2,0) -> недопрессовка по носку борта | E89: Против 207 операторам строго осуществлять контроль AGS set/ на вулканизации использовать новую подобранную диафрагму 15GH340XA. | F89: Использование чафера CC-T050L
A90: 46043 | B90: FS05 | C90: 207 | D90: =VLOOKUP(C90,'0080'!A$1:B$280,2,0) -> недопрессовка по носку борта | E90: на УП дефекта не было | F90: Использование чафера CC-T050L
A91: 46044 | B91: FS15 | C91: 740 | D91: =VLOOKUP(C91,'0080'!A$1:B$280,2,0) -> смещение центральной линии протектора | E91: -
A92: 46045 | B92: EC77 | C92: 600 | D92: =VLOOKUP(C92,'0080'!A$1:B$280,2,0) -> загрязнение штрих-кода, стирание обозначения, царапины | E92: -
A93: 46048 | B93: AV77 | D93: Складка Протектора в зоне плеча | E93: на УП дефекта не было | G93: R1059 No.2 Stitcher Set Position (mm) 210→220 R1060 No.3 Stitcher Set Position (mm) 278→268 | H93: OK
A94: 46048 | B94: AV77 | D94: Плохой рез IL | E94: - | G94: чистка ножа. Шины ремонт. | H94: OK
A95: 46048 | B95: FS05 | C95: 201 | D95: =VLOOKUP(C95,'0080'!A$1:B$280,2,0) -> недопрессовка на плече | E95: на УП дефекта не было | F95: ST-004AA→ST004AB
A96: 46049 | B96: AV00 | C96: 207 | D96: =VLOOKUP(C96,'0080'!A$1:B$280,2,0) -> недопрессовка по носку борта | E96: 207 недопрессовка по носку борта-дефект проявился в массовом производстве. Необходимо произвести проверку контура боковин на наличие просадки в зоне AGS. В качестве контрмеры использовать контур боковин ST-112AB(во вложении) | F96: изменения только по тонкому чафферу , добавление каркаса
A97: 46049 | B97: AW08 | C97: 207 | D97: =VLOOKUP(C97,'0080'!A$1:B$280,2,0) -> недопрессовка по носку борта | E97: на УП дефекта не было | F97: переход на тонкий чафер 1.0мм
A98: 46049 | B98: AW08 | D98: Складка Протектора в зоне плеча | E98: на УП дефекта не было | G98: изменение 2-го прикатчика 245→255 +10mm изменения были выполнены 14:56 13.01 0302 начали использовать спираль от 11.01 где были складки 17:20 вылетов по информации от производства складок не было. | H98: OK
A99: 46049 | B99: FS05 | C99: 201 | D99: =VLOOKUP(C99,'0080'!A$1:B$280,2,0) -> недопрессовка на плече | E99: на УП дефекта не было | F99: ST-004AA→ST004AB
A100: 46066 | B100: EC77 | C100: 203 | D100: =VLOOKUP(C100,'0080'!A$1:B$280,2,0) -> недопрессовка на боковине
A101: 46086 | B101: EC39 | C101: 782 | D101: =VLOOKUP(C101,'0080'!A$1:B$280,2,0) -> облой на протекторе | E101: На УП прикладываю профиль шины в ПФ. (результат ОК)
...

Sheet Содержание
A1: Содержание:
B4: 200 | C4: недопрессовка на короне - PSR | H4: 3
B5: 201 | C5: недопрессовка на плече | H5: 4
B6: 202 | C6: недопрессовка на декор.линии | H6: 5
B7: 203 | C7: недопрессовка на боковине | H7: 6
B8: 204 | C8: недопрессовка по борту | H8: 7
B9: 205 | C9: недопрессовка на пятке | H9: 8
B10: 206 | C10: недопрессовка на основании | H10: 9
B11: 207 | C11: недопрессовка по носку борта | H11: 10
B12: 208 | C12: недопрессовка на внутренней поверхности | H12: 11
B13: 209 | C13: недопрессовка на стыке протектора - PSR | H13: 12
B14: 210 | C14: недопрессовка на стыке боковины | H14: 13
B15: 211 | C15: недопрессовка из-за силикона | H15: 14
... B119: 794 | C119: волнообразная неровность на поверхности боковины | H119: 118

Sheet 3
A1: 200 недопрессовка на короне - PSR
A2: Фото дефекта (пример) | F2: Причины дефекта | L2: Меры, которые необходимо принять | Q2: Комментарии
F5: Спецификация
F9: Участок резки и экструзии
F19: Участок сборки и вулканизации

Sheet 4
A1: 201 недопрессовка на плече
A2: Фото дефекта (пример) | F2: Причины дефекта | L2: Меры, которые необходимо принять | Q2: Комментарии
F5: Спецификация
F9: Участок резки и экструзии
F19: Участок сборки и вулканизации

Sheet 5
A1: 202 недопрессовка на декор.линии
A2: Фото дефекта (пример) | F2: Причины дефекта | L2: Меры, которые необходимо принять | Q2: Комментарии
F5: Спецификация
F9: Участок резки и экструзии
F19: Участок сборки и вулканизации

Sheet 6
A1: 203 недопрессовка на боковине
A2: Фото дефекта (пример) | F2: Причины дефекта | L2: Меры, которые необходимо принять | Q2: Комментарии
F5: Спецификация
F9: Участок резки и экструзии
F19: Участок сборки и вулканизации | H19: 1)недостаточный объем резины на месте дефекта 2) отсутствие необходимых вент отверстий на месте дефекта | L19: 1) Проверить SW на соответствие толщин со спецификацией. Обозначить дефект на сыром контуре SW, изменить толщину SW на месте дефекта

Sheet 7
A1: 204 недопрессовка по борту
A2: Фото дефекта (пример) | F2: Причины дефекта | L2: Меры, которые необходимо принять | Q2: Комментарии
F5: Спецификация
F9: Участок резки и экструзии
F19: Участок сборки и вулканизации

Sheet 8
A1: 205 недопрессовка на пятке
A2: Фото дефекта (пример) | F2: Причины дефекта | L2: Меры, которые необходимо принять | Q2: Комментарии
F5: Спецификация
F9: Участок резки и экструзии
F19: Участок сборки и вулканизации

Sheet 9
A1: 206 недопрессовка на основании
A2: Фото дефекта (пример) | F2: Причины дефекта | L2: Меры, которые необходимо принять | Q2: Комментарии
F5: Спецификация
F9: Участок резки и экструзии
F19: Участок сборки и вулканизации

Sheet 10
A1: 207 недопрессовка по носку борта
A2: Фото дефекта (пример) | F2: Причины дефекта | L2: Меры, которые необходимо принять | Q2: Комментарии
F5: Спецификация
F9: Участок резки и экструзии
F19: Участок сборки и вулканизации | H19: 1)недостаточный объем резины под бортом 2) некорректная установка боковин на сборке, AGS =5mm и более | L19: 1) Увеличить обьем резины под бортом за счет добавления доп SQ или увеличения толщин Ags в SW 2) установить боковины по спецификации, проверить смещение после наложения предсборки каркаса с гермослоем на сборке, отрегулировать соотношение скоростей и расстояние отодвижения конвейера

Sheet 11
A1: 208 недопрессовка на внутренней поверхности
A2: Фото дефекта (пример) | F2: Причины дефекта | L2: Меры, которые необходимо принять | Q2: Комментарии
F5: Спецификация
F9: Участок резки и экструзии
F19: Участок сборки и вулканизации

Sheet 12
A1: 209 недопрессовка на стыке протектора - PSR
A2: Фото дефекта (пример) | F2: Причины дефекта | L2: Меры, которые необходимо принять | Q2: Комментарии
F5: Спецификация
F9: Участок резки и экструзии
F19: Участок сборки и вулканизации

Sheet 13
A1: 210 недопрессовка на стыке боковины
A2: Фото дефекта (пример) | F2: Причины дефекта | L2: Меры, которые необходимо принять | Q2: Комментарии
F5: Спецификация
F9: Участок резки и экструзии
F19: Участок сборки и вулканизации | H19: Недостаточная величина стыка боковин

Sheet 14
A1: 211 недопрессовка из-за силикона
A2: Фото дефекта (пример) | F2: Причины дефекта | L2: Меры, которые необходимо принять | Q2: Комментарии
F5: Спецификация
F9: Участок резки и экструзии
F19: Участок сборки и вулканизации | H19: Проверить на загрязнение силиконом пресс-формы | L19: Устранить загрязнение

Sheet 15
A1: 212 недопрессовка боковины из-за забитых воздухоотводящих отверстий
A2: Фото дефекта (пример) | F2: Причины дефекта | L2: Меры, которые необходимо принять | Q2: Комментарии
F5: Спецификация
F9: Участок резки и экструзии
F19: Участок сборки и вулканизации

Sheet 16
A1: 213 недопрессовка по краям шашек протектора
A2: Фото дефекта (пример) | F2: Причины дефекта | L2: Меры, которые необходимо принять | Q2: Комментарии
F5: Спецификация
F9: Участок резки и экструзии
F19: Участок сборки и вулканизации

Sheet 17
A1: 214 недопрессовка буквенных обозначений
A2: Фото дефекта (пример) | F2: Причины дефекта | L2: Меры, которые необходимо принять | Q2: Комментарии
F5: Спецификация
F9: Участок резки и экструзии
F19: Участок сборки и вулканизации | H19: Недостаток объема резины , отсутствие вент отверстий в зоне дефекта | L19: Проверка контура боковин , проверка наличия вент отвертий в зоне дефекта

Sheet 18
A1: 215 недопрессовка на короне - PXR
A2: Фото дефекта (пример) | F2: Причины дефекта | L2: Меры, которые необходимо принять | Q2: Комментарии
F5: Спецификация
F9: Участок резки и экструзии
F19: Участок сборки и вулканизации

Sheet 19
A1: 216 недопрессовка на стыке протектора - PXR
A2: Фото дефекта (пример) | F2: Причины дефекта | L2: Меры, которые необходимо принять | Q2: Комментарии
F5: Спецификация
F9: Участок резки и экструзии
F19: Участок сборки и вулканизации

Sheet 20
A1: 217 ямки между блоками протектора/недопрессовки
A2: Фото дефекта (пример) | F2: Причины дефекта | L2: Меры, которые необходимо принять | Q2: Комментарии
F5: Спецификация
F9: Участок резки и экструзии
F19: Участок сборки и вулканизации

Sheet 21
A1: 400 трещина на плече
A2: Фото дефекта (пример) | F2: Причины дефекта | L2: Меры, которые необходимо принять | Q2: Комментарии
F5: Спецификация
F9: Участок резки и экструзии
F19: Участок сборки и вулканизации

Sheet 22
A1: 401 трещина на боковине
A2: Фото дефекта (пример) | F2: Причины дефекта | L2: Меры, которые необходимо принять | Q2: Комментарии
F5: Спецификация
F9: Участок резки и экструзии
F19: Участок сборки и вулканизации

Sheet 23
A1: 402 трещина на бортовом кольце
A2: Фото дефекта (пример) | F2: Причины дефекта | L2: Меры, которые необходимо принять | Q2: Комментарии
F5: Спецификация
F9: Участок резки и экструзии
F19: Участок сборки и вулканизации

Sheet 24
A1: 403 трещина корда
A2: Фото дефекта (пример) | F2: Причины дефекта | L2: Меры, которые необходимо принять | Q2: Комментарии
F5: Спецификация
F9: Участок резки и экструзии
F19: Участок сборки и вулканизации

Sheet 25
A1: 404 трещина на гермослое
A2: Фото дефекта (пример) | F2: Причины дефекта | L2: Меры, которые необходимо принять | Q2: Комментарии
F5: Спецификация
F9: Участок резки и экструзии
F19: Участок сборки и вулканизации | H19: 1)Некачественный рез гермослоя на сборке. 2)Некачественный стык гермослоя. 3)Черезмерное количество нанесенного допинга | L19: Произвести проверку по всем пунктам со стыком гермослоя

Sheet 26
A1: 405 др. трещины
A2: Фото дефекта (пример) | F2: Причины дефекта | L2: Меры, которые необходимо принять | Q2: Комментарии
F5: Спецификация
F9: Участок резки и экструзии
F19: Участок сборки и вулканизации

Sheet 27
A1: 406 трещина по носку борта
A2: Фото дефекта (пример) | F2: Причины дефекта | L2: Меры, которые необходимо принять | Q2: Комментарии
F5: Спецификация
F9: Участок резки и экструзии
F19: Участок сборки и вулканизации | H19: 1)Большой объем резины в носке борта 2) Проблемы в нанесении допинга | L19: 1)проверить натяжение каркаса в шине 2)проверить настройки нанесения допинга

Sheet 28
A1: 407 трещина на ручном стыке каркаса
A2: Фото дефекта (пример) | F2: Причины дефекта | L2: Меры, которые необходимо принять | Q2: Комментарии
F5: Спецификация
F9: Участок резки и экструзии
F19: Участок сборки и вулканизации

Sheet 29
A1: 500 поверхностный пузырь на короне - PSR
A2: Фото дефекта (пример) | F2: Причины дефекта | L2: Меры, которые необходимо принять | Q2: Комментарии
F5: Спецификация
F9: Участок резки и экструзии
F19: Участок сборки и вулканизации

Sheet 30
A1: 501 поверхностный пузырь на плече
A2: Фото дефекта (пример) | F2: Причины дефекта | L2: Меры, которые необходимо принять | Q2: Комментарии
F5: Спецификация
F9: Участок резки и экструзии
F19: Участок сборки и вулканизации

Sheet 31
A1: 502 поверхностный пузырь на боковине
A2: Фото дефекта (пример) | F2: Причины дефекта | L2: Меры, которые необходимо принять | Q2: Комментарии
F5: Спецификация
F9: Участок резки и экструзии
F19: Участок сборки и вулканизации

Sheet 32
A1: 503 поверхностный пузырь в зоне борта
A2: Фото дефекта (пример) | F2: Причины дефекта | L2: Меры, которые необходимо принять | Q2: Комментарии
F5: Спецификация
F9: Участок резки и экструзии
F19: Участок сборки и вулканизации | H19: 1) Проверить месторасположение дефекта взависимости от вакумных отверстий 2)плохая прикатка USR роликами 3)плохая прикатка SW на формующем барабане | L19: 1) В зависимости от формы боковин подобрать бандаж и спейсер, чтобы исключить неровности и резкие перепады после наложения боковин. 2)Необходимо проверить и по необходимости настроить прикатку USR роликов в зоне дефекта. 3)Настроить midle stop прикатку в зоне дефекта.

Sheet 33
A1: 504 поверхностный пузырь на основании борта
A2: Фото дефекта (пример) | F2: Причины дефекта | L2: Меры, которые необходимо принять | Q2: Комментарии
F5: Спецификация
F9: Участок резки и экструзии
F19: Участок сборки и вулканизации | H19: Недостаток объема резины,неправильное расположение SQ на каркасе, некачественный стык CCh, дефекты на кольце, наненсение допинга на борт. | L19: Добавить или расширить BSQ каркаса, проверить стыки IL, ССh ,SW

Sheet 34
A1: 520 расслоение на короне - PSR
A2: Фото дефекта (пример) | F2: Причины дефекта | L2: Меры, которые необходимо принять | Q2: Комментарии
F5: Спецификация
F9: Участок резки и экструзии
F19: Участок сборки и вулканизации

Sheet 35
A1: 521 расслоение на плече
A2: Фото дефекта (пример) | F2: Причины дефекта | L2: Меры, которые необходимо принять | Q2: Комментарии
F5: Спецификация
F9: Участок резки и экструзии
F19: Участок сборки и вулканизации | H19: Проверить прикатку в зоне дефекта

Sheet 36
A1: 522 расслоение на боковине
A2: Фото дефекта (пример) | F2: Причины дефекта | L2: Меры, которые необходимо принять | Q2: Комментарии
F5: Спецификация
F9: Участок резки и экструзии
F19: Участок сборки и вулканизации

Sheet 37
A1: 523 расслоение в зоне борта
A2: Фото дефекта (пример) | F2: Причины дефекта | L2: Меры, которые необходимо принять | Q2: Комментарии
F5: Спецификация
F9: Участок резки и экструзии
F19: Участок сборки и вулканизации

Sheet 38
A1: 524 расслоение на стыке боковины
A2: Фото дефекта (пример) | F2: Причины дефекта | L2: Меры, которые необходимо принять | Q2: Комментарии
F5: Спецификация
F9: Участок резки и экструзии
F19: Участок сборки и вулканизации

Sheet 39
A1: 525 др. расслоение
A2: Фото дефекта (пример) | F2: Причины дефекта | L2: Меры, которые необходимо принять | Q2: Комментарии
F5: Спецификация
F9: Участок резки и экструзии
F19: Участок сборки и вулканизации

Sheet 40
A1: 550 воздух в каркасе в области короны
A2: Фото дефекта (пример) | F2: Причины дефекта | L2: Меры, которые необходимо принять | Q2: Комментарии
F5: Спецификация
F9: Участок резки и экструзии
F19: Участок сборки и вулканизации

Sheet 41
A1: 551 воздух в каркасе в области плеча
A2: Фото дефекта (пример) | F2: Причины дефекта | L2: Меры, которые необходимо принять | Q2: Комментарии
F5: Спецификация
F9: Участок резки и экструзии
F19: Участок сборки и вулканизации

Sheet 42
A1: 552 воздух в каркасе на боковине
A2: Фото дефекта (пример) | F2: Причины дефекта | L2: Меры, которые необходимо принять | Q2: Комментарии
F5: Спецификация
F9: Участок резки и экструзии
F19: Участок сборки и вулканизации | H19: 1)Неправильно подобранный бандаж и спейсер на KB барабане 2)плохая прикатка USR роликами 3)плохая прикатка SW на формующем барабане | L19: 1) В зависимости от формы боковин подобрать бандаж и спейсер, чтобы исключить неровности и резкие перепады после наложения боковин. 2)Необходимо проверить и по необходимости настроить прикатку USR роликов в зоне дефекта. 3)Настроить midle stop прикатку в зоне дефекта.

Sheet 43
A1: 553 воздух в каркасе в области борта

Sheet 44
A1: 580 воздух на текстильной бортовой ленте

Sheet 45
A1: 581 пузырь в гермослое
A2: Фото дефекта (пример) | F2: Причины дефекта | L2: Меры, которые необходимо принять | Q2: Комментарии
F5: Спецификация
F9: Участок резки и экструзии
F19: Участок сборки и вулканизации

Sheet 46
A1: 582 воздух в др. слоях

Sheet 47
A1: 583 пузырь на буквенном обозначении
A2: Фото дефекта (пример) | F2: Причины дефекта | L2: Меры, которые необходимо принять | Q2: Комментарии
F5: Спецификация
F9: Участок резки и экструзии
F19: Участок сборки и вулканизации

Sheet 48
A1: 584 отслоение гермослоя
A2: Фото дефекта (пример) | F2: Причины дефекта | L2: Меры, которые необходимо принять | Q2: Комментарии
F5: Спецификация
F9: Участок резки и экструзии
F19: Участок сборки и вулканизации

Sheet 49
A1: 585 поверхностный пузырь на короне - PXR
A2: Фото дефекта (пример) | F2: Причины дефекта | L2: Меры, которые необходимо принять | Q2: Комментарии
F5: Спецификация
F9: Участок резки и экструзии
F19: Участок сборки и вулканизации | H19: Недостаточная прикатка TT, неравномерная намотка спирального слоя.

Sheet 50
A1: 586 расслоение на короне - PXR
A2: Фото дефекта (пример) | F2: Причины дефекта | L2: Меры, которые необходимо принять | Q2: Комментарии
F5: Спецификация
F9: Участок резки и экструзии
F19: Участок сборки и вулканизации

Sheet 51
A1: 700 трещина стыка гермослоя
A2: Фото дефекта (пример) | F2: Причины дефекта | L2: Меры, которые необходимо принять | Q2: Комментарии
F5: Спецификация
F9: Участок резки и экструзии
F19: Участок сборки и вулканизации

Sheet 52
A1: 701 открытый стык каркаса (на сборке)
A2: Фото дефекта (пример) | F2: Причины дефекта | L2: Меры, которые необходимо принять | Q2: Комментарии
F5: Спецификация
F9: Участок резки и экструзии
F19: Участок сборки и вулканизации

Sheet 53
A1: 702 утолщение стыка гермослоя
A2: Фото дефекта (пример) | F2: Причины дефекта | L2: Меры, которые необходимо принять | Q2: Комментарии
F5: Спецификация
F9: Участок резки и экструзии
F19: Участок сборки и вулканизации

Sheet 54
A1: 703 выход корда по внутренней поверхности

Sheet 55
A1: 704 смещение бортового наполнителя
A2: Фото дефекта (пример) | F2: Причины дефекта | L2: Меры, которые необходимо принять | Q2: Комментарии
F5: Спецификация
F9: Участок резки и экструзии
F19: Участок сборки и вулканизации

Sheet 56
A1: 705 выход проволоки на внутренний слой
A2: Фото дефекта (пример) | F2: Причины дефекта | L2: Меры, которые необходимо принять | Q2: Комментарии
F5: Спецификация
F9: Участок резки и экструзии
F19: Участок сборки и вулканизации

Sheet 57
A1: 706 утолщение на внутренней поверхности
A2: Фото дефекта (пример) | F2: Причины дефекта | L2: Меры, которые необходимо принять | Q2: Комментарии
F5: Спецификация
F9: Участок резки и экструзии
F19: Участок сборки и вулканизации

Sheet 58
A1: 707 содранный гермослой
F5: Спецификация
F9: Участок резки и экструзии
F19: Участок сборки и вулканизации | H19: Посторонние включения в материале

Sheet 59
A1: 708 неоднородность по толщине внутренней поверхности
A2: Фото дефекта (пример) | F2: Причины дефекта | L2: Меры, которые необходимо принять | Q2: Комментарии
F5: Спецификация
F9: Участок резки и экструзии
F19: Участок сборки и вулканизации | H19: Посторонние включения в материале

Sheet 60
A1: 709 выход нити компонента в зоне стыка
A2: Фото дефекта (пример) | F2: Причины дефекта | L2: Меры, которые необходимо принять | Q2: Комментарии
F5: Спецификация
F9: Участок резки и экструзии
F19: Участок сборки и вулканизации

Sheet 61
A1: 710 открытый стык гермослоя
A2: Фото дефекта (пример) | F2: Причины дефекта | L2: Меры, которые необходимо принять | Q2: Комментарии
F5: Спецификация
F9: Участок резки и экструзии
F19: Участок сборки и вулканизации

Sheet 62
A1: 711 открытый стык боковины
A2: Фото дефекта (пример) | F2: Причины дефекта | L2: Меры, которые необходимо принять | Q2: Комментарии
F5: Спецификация
F9: Участок резки и экструзии
F19: Участок сборки и вулканизации

Sheet 63
A1: 712 открытый стык бортового наполнителя
A2: Фото дефекта (пример) | F2: Причины дефекта | L2: Меры, которые необходимо принять | Q2: Комментарии
F5: Спецификация
F9: Участок резки и экструзии
F19: Участок сборки и вулканизации

Sheet 64
A1: 713 шероховатый гермослой
A2: Фото дефекта (пример) | F2: Причины дефекта | L2: Меры, которые необходимо принять | Q2: Комментарии
F5: Спецификация
F9: Участок резки и экструзии
F19: Участок сборки и вулканизации

Sheet 65
A1: 714 складки на гермослое
A2: Фото дефекта (пример) | F2: Причины дефекта | L2: Меры, которые необходимо принять | Q2: Комментарии
F5: Спецификация
F9: Участок резки и экструзии
F19: Участок сборки и вулканизации | H19: Проблема в наложении материалов на барабан KB | L19: Проверить гермослой на КБ барабане после наложения предсборки,на наличие складок и деформаций, отрегулировать соотношение скоростей конвейера и барабана, так же настроить отодвижение конвейера.

Sheet 66
A1: 715 складки на каркасе (продольная, как стык)
A2: Фото дефекта (пример) | F2: Причины дефекта | L2: Меры, которые необходимо принять | Q2: Комментарии
F5: Спецификация
F9: Участок резки и экструзии
F19: Участок сборки и вулканизации

Sheet 67
A1: 716 другие складки

Sheet 68
A1: 717 содранный C.Ch
A2: Фото дефекта (пример) | F2: Причины дефекта | L2: Меры, которые необходимо принять | Q2: Комментарии
F5: Спецификация
F9: Участок резки и экструзии
F19: Участок сборки и вулканизации

Sheet 69
A1: 718 складка брекера
A2: Фото дефекта (пример) | F2: Причины дефекта | L2: Меры, которые необходимо принять | Q2: Комментарии
F5: Спецификация
F9: Участок резки и экструзии
F19: Участок сборки и вулканизации

Sheet 70
A1: 719 несоответствующий ремонт (Сборка)
A2: Фото дефекта (пример) | F2: Причины дефекта | L2: Меры, которые необходимо принять | Q2: Комментарии
F5: Спецификация
F9: Участок резки и экструзии
F19: Участок сборки и вулканизации

Sheet 71
A1: 720 загиб брекера

Sheet 72
A1: 721 несоответствия брекера
A2: Фото дефекта (пример) | F2: Причины дефекта | L2: Меры, которые необходимо принять | Q2: Комментарии
F5: Спецификация
F9: Участок резки и экструзии
F19: Участок сборки и вулканизации

Sheet 73
A1: 722 спаренный корд
A2: Фото дефекта (пример) | F2: Причины дефекта | L2: Меры, которые необходимо принять | Q2: Комментарии
F5: Спецификация
F9: Участок резки и экструзии
F19: Участок сборки и вулканизации

Sheet 74
A1: 723 деформация шины из-за перетяжки спир. слоя
A2: Фото дефекта (пример) | F2: Причины дефекта | L2: Меры, которые необходимо принять | Q2: Комментарии
F5: Спецификация
F9: Участок резки и экструзии
F19: Участок сборки и вулканизации

Sheet 75
A1: 724 другие несоответствия внутренней поверхности
A2: Фото дефекта (пример) | F2: Причины дефекта | L2: Меры, которые необходимо принять | Q2: Комментарии
F5: Спецификация
F9: Участок резки и экструзии
F19: Участок сборки и вулканизации

Sheet 76
A1: 725 складки на каркасе (поперечная)
A2: Фото дефекта (пример) | F2: Причины дефекта | L2: Меры, которые необходимо принять | Q2: Комментарии
F5: Спецификация
F9: Участок резки и экструзии
F19: Участок сборки и вулканизации

Sheet 77
A1: 726 открытый стык каркаса (на предпроцессах)
A2: Фото дефекта (пример) | F2: Причины дефекта | L2: Меры, которые необходимо принять | Q2: Комментарии
F5: Спецификация
F9: Участок резки и экструзии
F19: Участок сборки и вулканизации

Sheet 78
A1: 727 диагональный стык каркаса
A2: Фото дефекта (пример) | F2: Причины дефекта | L2: Меры, которые необходимо принять | Q2: Комментарии
F5: Спецификация
F9: Участок резки и экструзии
F19: Участок сборки и вулканизации

Sheet 79
A1: 740 смещение центральной линии протектора
A2: Фото дефекта (пример) | F2: Причины дефекта | L2: Меры, которые необходимо принять | Q2: Комментарии
F5: Спецификация
F9: Участок резки и экструзии
F19: Участок сборки и вулканизации

Sheet 80
A1: 741 трещина, скол короны - PSR
A2: Фото дефекта (пример) | F2: Причины дефекта | L2: Меры, которые необходимо принять | Q2: Комментарии
F5: Спецификация
F9: Участок резки и экструзии
F19: Участок сборки и вулканизации

Sheet 81
A1: 742 уступы по короне, горизонтальное смещение
A2: Фото дефекта (пример) | F2: Причины дефекта | L2: Меры, которые необходимо принять | Q2: Комментарии
F5: Спецификация
F9: Участок резки и экструзии
F19: Участок сборки и вулканизации

Sheet 82
A1: 743 деформация короны
A2: Фото дефекта (пример) | F2: Причины дефекта | L2: Меры, которые необходимо принять | Q2: Комментарии
F5: Спецификация
F9: Участок резки и экструзии
F19: Участок сборки и вулканизации

Sheet 83
A1: 744 закус короны
A2: Фото дефекта (пример) | F2: Причины дефекта | L2: Меры, которые необходимо принять | Q2: Комментарии
F5: Спецификация
F9: Участок резки и экструзии
F19: Участок сборки и вулканизации

Sheet 84
A1: 745 несоответствие ID линий
A2: Фото дефекта (пример) | F2: Причины дефекта | L2: Меры, которые необходимо принять | Q2: Комментарии
F5: Спецификация
F9: Участок резки и экструзии
F19: Участок сборки и вулканизации

Sheet 85
A1: 746 загрязнение ID линий

Sheet 86
A1: 747 наклон блоков шашек короны

Sheet 87
A1: 748 расширение ламелей
A2: Фото дефекта (пример) | F2: Причины дефекта | L2: Меры, которые необходимо принять | Q2: Комментарии
F5: Спецификация
F9: Участок резки и экструзии
F19: Участок сборки и вулканизации

Sheet 88
A1: 749 следы от перфорирующего устройства

Sheet 89
A1: 750 несоответствие центральной линии
A2: Фото дефекта (пример) | F2: Причины дефекта | L2: Меры, которые необходимо принять | Q2: Комментарии
F5: Спецификация
F9: Участок резки и экструзии
F19: Участок сборки и вулканизации

Sheet 90
A1: 751 несоответствие маркировки протектора

Sheet 91
A1: 752 выход корда на основании борта
A2: Фото дефекта (пример) | F2: Причины дефекта | L2: Меры, которые необходимо принять | Q2: Комментарии
F5: Спецификация
F9: Участок резки и экструзии
F19: Участок сборки и вулканизации

Sheet 92
A1: 753 слипание ламелей (PXR)
A2: Фото дефекта (пример) | F2: Причины дефекта | L2: Меры, которые необходимо принять | Q2: Комментарии
F5: Спецификация
F9: Участок резки и экструзии
F19: Участок сборки и вулканизации

Sheet 93
A1: 754 сколы/трещины в области ламели (PXR)
A2: Фото дефекта (пример) | F2: Причины дефекта | L2: Меры, которые необходимо принять | Q2: Комментарии
F5: Спецификация
F9: Участок резки и экструзии
F19: Участок сборки и вулканизации

Sheet 94
A1: 770 неправильная форма бортового кольца
A2: Фото дефекта (пример) | F2: Причины дефекта | L2: Меры, которые необходимо принять | Q2: Комментарии
F5: Спецификация
F9: Участок резки и экструзии
F19: Участок сборки и вулканизации

Sheet 95
A1: 771 деформация борта
A2: Фото дефекта (пример) | F2: Причины дефекта | L2: Меры, которые необходимо принять | Q2: Комментарии
F5: Спецификация
F9: Участок резки и экструзии
F19: Участок сборки и вулканизации

Sheet 96
A1: 772 неправильная толщина борта
A2: Фото дефекта (пример) | F2: Причины дефекта | L2: Меры, которые необходимо принять | Q2: Комментарии
F5: Спецификация
F9: Участок резки и экструзии
F19: Участок сборки и вулканизации

Sheet 97
A1: 773 гребень по носку борта (облой)
A2: Фото дефекта (пример) | F2: Причины дефекта | L2: Меры, которые необходимо принять | Q2: Комментарии
F5: Спецификация
F9: Участок резки и экструзии
F19: Участок сборки и вулканизации | H19: 1)Излишний объем резины под бортом 2) неровная посадка сырой шины на вулканизации 3) сырая шина долго хранилась в транспортировочной тележке | L19: 1) уменьшить толщину AGS( см. результат BFF) 2) отрегулировать положение загрузчика, изменить положение B спейсера

Sheet 98
A1: 774 смещение центра бортового кольца
A2: Фото дефекта (пример) | F2: Причины дефекта | L2: Меры, которые необходимо принять | Q2: Комментарии
F5: Спецификация
F9: Участок резки и экструзии
F19: Участок сборки и вулканизации

Sheet 99
A1: 775 выход корда в зоне борта
A2: Фото дефекта (пример) | F2: Причины дефекта | L2: Меры, которые необходимо принять | Q2: Комментарии
F5: Спецификация
F9: Участок резки и экструзии
F19: Участок сборки и вулканизации

Sheet 100
A1: 776 трещина, скол борта
A2: Фото дефекта (пример) | F2: Причины дефекта | L2: Меры, которые необходимо принять | Q2: Комментарии
F5: Спецификация
F9: Участок резки и экструзии
F19: Участок сборки и вулканизации

Sheet 101
A1: 777 излом борта по внутренней поверхности
A2: Фото дефекта (пример) | F2: Причины дефекта | L2: Меры, которые необходимо принять | Q2: Комментарии
F5: Спецификация
F9: Участок резки и экструзии
F19: Участок сборки и вулканизации

Sheet 102
A1: 778 ступенчатость бортового кольца
A2: Фото дефекта (пример) | F2: Причины дефекта | L2: Меры, которые необходимо принять | Q2: Комментарии
F5: Спецификация
F9: Участок резки и экструзии
F19: Участок сборки и вулканизации

Sheet 103
A1: 779 изгиб бортового наполнителя
A2: Фото дефекта (пример) | F2: Причины дефекта | L2: Меры, которые необходимо принять | Q2: Комментарии
F5: Спецификация
F9: Участок резки и экструзии
F19: Участок сборки и вулканизации

Sheet 104
A1: 780 утолщение стыка борта (бортового наполнителя)
A2: Фото дефекта (пример) | F2: Причины дефекта | L2: Меры, которые необходимо принять | Q2: Комментарии
F5: Спецификация
F9: Участок резки и экструзии
F19: Участок сборки и вулканизации

Sheet 105
A1: 781 смещение края "протектор/боковина"
A2: Фото дефекта (пример) | F2: Причины дефекта | L2: Меры, которые необходимо принять | Q2: Комментарии
F5: Спецификация
F9: Участок резки и экструзии
F19: Участок сборки и вулканизации

Sheet 106
A1: 782 облой на протекторе
A2: Фото дефекта (пример) | F2: Причины дефекта | L2: Меры, которые необходимо принять | Q2: Комментарии
F5: Спецификация
F9: Участок резки и экструзии
F19: Участок сборки и вулканизации

Sheet 107
A1: 783 облой на боковине
A2: Фото дефекта (пример) | F2: Причины дефекта | L2: Меры, которые необходимо принять | Q2: Комментарии
F5: Спецификация
F9: Участок резки и экструзии | H9: Завышена толщина Hump SW | L9: Привести контур к номиналу
F19: Участок сборки и вулканизации | H19: 1)контур сырой шины не помещается в пресс форму 2) положение B спейсера на вулканизации меньше ширины полной формовки | L19: 1) расширить ширину полной формовки на сборке. 2)отрегулировать положение B спейсера на вулканизации чтоб его значение было > или = значению полной формовки сборки

Sheet 108
A1: 784 повреждение или отсутствие ламелей
A2: Фото дефекта (пример) | F2: Причины дефекта | L2: Меры, которые необходимо принять | Q2: Комментарии
F5: Спецификация
F9: Участок резки и экструзии
F19: Участок сборки и вулканизации

Sheet 109
A1: 785 открытый стык протектора
A2: Фото дефекта (пример) | F2: Причины дефекта | L2: Меры, которые необходимо принять | Q2: Комментарии
F5: Спецификация
F9: Участок резки и экструзии
F19: Участок сборки и вулканизации

Sheet 110
A1: 786 открытый стык резиновой бортовой ленты
A2: Фото дефекта (пример) | F2: Причины дефекта | L2: Меры, которые необходимо принять | Q2: Комментарии
F5: Спецификация
F9: Участок резки и экструзии
F19: Участок сборки и вулканизации

Sheet 111
A1: 787 увеличение стыка каркаса
A2: Фото дефекта (пример) | F2: Причины дефекта | L2: Меры, которые необходимо принять | Q2: Комментарии
F5: Спецификация
F9: Участок резки и экструзии
F19: Участок сборки и вулканизации

Sheet 112
A1: 788 открытый стык брекера
A2: Фото дефекта (пример) | F2: Причины дефекта | L2: Меры, которые необходимо принять | Q2: Комментарии
F5: Спецификация
F9: Участок резки и экструзии
F19: Участок сборки и вулканизации

Sheet 113
A1: 789 увеличение стыка брекера
A2: Фото дефекта (пример) | F2: Причины дефекта | L2: Меры, которые необходимо принять | Q2: Комментарии
F5: Спецификация
F9: Участок резки и экструзии
F19: Участок сборки и вулканизации

Sheet 114
A1: 790 отклонения при намотке спирального слоя
A2: Фото дефекта (пример) | F2: Причины дефекта | L2: Меры, которые необходимо принять | Q2: Комментарии
F5: Спецификация
F9: Участок резки и экструзии
F19: Участок сборки и вулканизации

Sheet 115
A1: 791 выход корда на протектор
A2: Фото дефекта (пример) | F2: Причины дефекта | L2: Меры, которые необходимо принять | Q2: Комментарии
F5: Спецификация
F9: Участок резки и экструзии
F19: Участок сборки и вулканизации | H19: Недостаточная толщина протектора в зоне HUMP. | L19: Изменить контур протектора. Обратить внимание на бреккер и спиральный слой - возможно деформированы

Sheet 116
A1: 792 облой по линии обода
A2: Фото дефекта (пример) | F2: Причины дефекта | L2: Меры, которые необходимо принять | Q2: Комментарии
F5: Спецификация
F9: Участок резки и экструзии
F19: Участок сборки и вулканизации

Sheet 117
A1: 793 трещина, скол короны - PXR
A2: Фото дефекта (пример) | F2: Причины дефекта | L2: Меры, которые необходимо принять | Q2: Комментарии
F5: Спецификация
F9: Участок резки и экструзии
F19: Участок сборки и вулканизации

Sheet 118
A1: 794 волнообразная неровность на поверхности боковины
A2: Фото дефекта (пример) | F2: Причины дефекта | L2: Меры, которые необходимо принять | Q2: Комментарии
F5: Спецификация
F9: Участок резки и экструзии
F19: Участок сборки и вулканизации

Sheet 0080
A1: 1 | B1: RFV
A2: 2 | B2: LFV
A3: 3 | B3: CON(+)
A4: 4 | B4: CON(-)
A5: 5 | B5: CON(спиральный слой)
A6: 6 | B6: RH1
A7: 7 | B7: RH2
A8: 8 | B8: RH3
A9: 9 | B9: RH4
A10: 10 | B10: RH5
A11: 11 | B11: RH6
A12: 12 | B12: RH7
... A225: 819 | B225: нарушение режима вулканизации (пористость поверхности)
A226: 820
A227: 821 | B227: несоответствие сменной вставки
A228: 822 | B228: легкая шероховатость гермослоя
A229: 823 | B229: нарушение позицирования шины (верх/низ)
A230: 824 | B230: несоответствующая пресс-форма
A231: 825 | B231: прокол диафрагмы
A232: 826 | B232: Повреждение автоматическим обрезчиком (триммером)
A233: 827 | B233: нарушение соосности устройства загрузки
A234: 830 | B234: неполное пятно маркировки (UNIF/BAL)
A235: 831 | B235: зернистая грубая поверхность пресс-формы
A236: 832 | B236: дублирование/нечеткость букв и символов
A237: 833 | B237: повреждение конвейером
A238: 834 | B238: отклонение штампа оператора внешнего осмотра
... A280: 964 | B280: другие (FI)
